"search-number","evaluation","evals-requested-so-far","trust_low*","trust_high*","lie_low*","lie_high*","trust_fall_low*","trust_fall_high*","lie_fall_low*","lie_fall_high*","trust_rise_low*","trust_rise_high*","lie_rise_low*","lie_rise_high*","random-seed","min-result","max-result","mean-result","stdev-result","final-step-result"
"1","1","500","0","20","0","30","0","4","0","5","0","1","0","1","""1138335530""","38.09252669039146","38.09252669039146","38.09252669039146","0","38.09252669039146"
"1","2","500","0","20","0","30","0","4","0","5","0","1","0","1","""-1339541931""","40.018248175182485","40.018248175182485","40.018248175182485","0","40.018248175182485"
"1","3","500","0","20","0","30","0","4","0","5","0","1","0","1","""-989858458""","37.318518518518516","37.318518518518516","37.318518518518516","0","37.318518518518516"
"1","4","500","0","20","0","30","0","4","0","5","0","1","0","1","""-554377792""","38.69230769230769","38.69230769230769","38.69230769230769","0","38.69230769230769"
"1","5","500","0","20","0","30","0","4","0","5","0","1","0","1","""993521564""","40.396491228070175","40.396491228070175","40.396491228070175","0","40.396491228070175"
"1","6","500","0","20","0","30","0","4","0","5","0","1","0","1","""-386056063""","36.41240875912409","36.41240875912409","36.41240875912409","0","36.41240875912409"
"1","7","500","0","20","0","30","0","4","0","5","0","1","0","1","""-696497507""","38.777372262773724","38.777372262773724","38.777372262773724","0","38.777372262773724"
"1","8","500","0","20","0","30","0","4","0","5","0","1","0","1","""1184866548""","38.981549815498155","38.981549815498155","38.981549815498155","0","38.981549815498155"
"1","9","500","0","20","0","30","0","4","0","5","0","1","0","1","""1701666533""","37.58455882352941","37.58455882352941","37.58455882352941","0","37.58455882352941"
"1","10","500","0","20","0","30","0","4","0","5","0","1","0","1","""868949162""","38.5916955017301","38.5916955017301","38.5916955017301","0","38.5916955017301"
"1","11","500","0","60","0","30","0","4","0","3","0","3","0","1","""563722534""","78.74642857142857","78.74642857142857","78.74642857142857","0","78.74642857142857"
"1","12","500","0","60","0","30","0","4","0","3","0","3","0","1","""-2058227432""","78.53237410071942","78.53237410071942","78.53237410071942","0","78.53237410071942"
"1","13","500","0","60","0","30","0","4","0","3","0","3","0","1","""1005979490""","76.64","76.64","76.64","0","76.64"
"1","14","500","0","60","0","30","0","4","0","3","0","3","0","1","""-519354475""","78.02158273381295","78.02158273381295","78.02158273381295","0","78.02158273381295"
"1","15","500","0","60","0","30","0","4","0","3","0","3","0","1","""-905016249""","77.48591549295774","77.48591549295774","77.48591549295774","0","77.48591549295774"
"1","16","500","0","60","0","30","0","4","0","3","0","3","0","1","""-1666071320""","79.03272727272727","79.03272727272727","79.03272727272727","0","79.03272727272727"
"1","17","500","0","60","0","30","0","4","0","3","0","3","0","1","""-890312831""","77.63468634686348","77.63468634686348","77.63468634686348","0","77.63468634686348"
"1","18","500","0","60","0","30","0","4","0","3","0","3","0","1","""-1944841518""","79.15770609318996","79.15770609318996","79.15770609318996","0","79.15770609318996"
"1","19","500","0","60","0","30","0","4","0","3","0","3","0","1","""-1710870768""","79.71428571428571","79.71428571428571","79.71428571428571","0","79.71428571428571"
"1","20","500","0","60","0","30","0","4","0","3","0","3","0","1","""-1846836266""","77.85074626865672","77.85074626865672","77.85074626865672","0","77.85074626865672"
"1","21","500","0","80","0","20","0","3","0","1","0","1","0","4","""609090841""","11.573529411764707","11.573529411764707","11.573529411764707","0","11.573529411764707"
"1","22","500","0","80","0","20","0","3","0","1","0","1","0","4","""-1434078893""","10.733576642335766","10.733576642335766","10.733576642335766","0","10.733576642335766"
"1","23","500","0","80","0","20","0","3","0","1","0","1","0","4","""794436854""","11.86861313868613","11.86861313868613","11.86861313868613","0","11.86861313868613"
"1","24","500","0","80","0","20","0","3","0","1","0","1","0","4","""-1888079053""","12.623616236162361","12.623616236162361","12.623616236162361","0","12.623616236162361"
"1","25","500","0","80","0","20","0","3","0","1","0","1","0","4","""-122238614""","12.187725631768952","12.187725631768952","12.187725631768952","0","12.187725631768952"
"1","26","500","0","80","0","20","0","3","0","1","0","1","0","4","""-1731037528""","11.811387900355871","11.811387900355871","11.811387900355871","0","11.811387900355871"
"1","27","500","0","80","0","20","0","3","0","1","0","1","0","4","""92839276""","11.673992673992673","11.673992673992673","11.673992673992673","0","11.673992673992673"
"1","28","500","0","80","0","20","0","3","0","1","0","1","0","4","""-667218925""","11.259515570934257","11.259515570934257","11.259515570934257","0","11.259515570934257"
"1","29","500","0","80","0","20","0","3","0","1","0","1","0","4","""2142313175""","11.783882783882785","11.783882783882785","11.783882783882785","0","11.783882783882785"
"1","30","500","0","80","0","20","0","3","0","1","0","1","0","4","""-1485346578""","11.704626334519572","11.704626334519572","11.704626334519572","0","11.704626334519572"
"1","31","500","0","60","0","10","0","2","0","1","0","1","0","1","""1765254075""","54.41428571428571","54.41428571428571","54.41428571428571","0","54.41428571428571"
"1","32","500","0","60","0","10","0","2","0","1","0","1","0","1","""-311434355""","55.1037037037037","55.1037037037037","55.1037037037037","0","55.1037037037037"
"1","33","500","0","60","0","10","0","2","0","1","0","1","0","1","""-1236627488""","54.95306859205776","54.95306859205776","54.95306859205776","0","54.95306859205776"
"1","34","500","0","60","0","10","0","2","0","1","0","1","0","1","""-1885259237""","55.38321167883212","55.38321167883212","55.38321167883212","0","55.38321167883212"
"1","35","500","0","60","0","10","0","2","0","1","0","1","0","1","""1669056386""","54.501831501831504","54.501831501831504","54.501831501831504","0","54.501831501831504"
"1","36","500","0","60","0","10","0","2","0","1","0","1","0","1","""-1817696247""","52.705263157894734","52.705263157894734","52.705263157894734","0","52.705263157894734"
"1","37","500","0","60","0","10","0","2","0","1","0","1","0","1","""791128739""","55.56363636363636","55.56363636363636","55.56363636363636","0","55.56363636363636"
"1","38","500","0","60","0","10","0","2","0","1","0","1","0","1","""-97814594""","56.494584837545126","56.494584837545126","56.494584837545126","0","56.494584837545126"
"1","39","500","0","60","0","10","0","2","0","1","0","1","0","1","""1503661038""","55.44097222222222","55.44097222222222","55.44097222222222","0","55.44097222222222"
"1","40","500","0","60","0","10","0","2","0","1","0","1","0","1","""125179050""","54.637010676156585","54.637010676156585","54.637010676156585","0","54.637010676156585"
"1","41","500","0","80","0","30","0","1","0","3","0","4","0","4","""-1522899719""","84.25925925925925","84.25925925925925","84.25925925925925","0","84.25925925925925"
"1","42","500","0","80","0","30","0","1","0","3","0","4","0","4","""1061172288""","85.54676258992805","85.54676258992805","85.54676258992805","0","85.54676258992805"
"1","43","500","0","80","0","30","0","1","0","3","0","4","0","4","""-1244024154""","86.80281690140845","86.80281690140845","86.80281690140845","0","86.80281690140845"
"1","44","500","0","80","0","30","0","1","0","3","0","4","0","4","""-1891744626""","84.5431654676259","84.5431654676259","84.5431654676259","0","84.5431654676259"
"1","45","500","0","80","0","30","0","1","0","3","0","4","0","4","""821222995""","85.24632352941177","85.24632352941177","85.24632352941177","0","85.24632352941177"
"1","46","500","0","80","0","30","0","1","0","3","0","4","0","4","""738940672""","85.12937062937063","85.12937062937063","85.12937062937063","0","85.12937062937063"
"1","47","500","0","80","0","30","0","1","0","3","0","4","0","4","""-819518996""","85.56","85.56","85.56","0","85.56"
"1","48","500","0","80","0","30","0","1","0","3","0","4","0","4","""1841444226""","84.18055555555556","84.18055555555556","84.18055555555556","0","84.18055555555556"
"1","49","500","0","80","0","30","0","1","0","3","0","4","0","4","""619284830""","83.82783882783883","83.82783882783883","83.82783882783883","0","83.82783882783883"
"1","50","500","0","80","0","30","0","1","0","3","0","4","0","4","""1978865902""","86.32631578947368","86.32631578947368","86.32631578947368","0","86.32631578947368"
"1","51","500","0","20","0","20","0","4","0","3","0","4","0","3","""-383657525""","74.46153846153847","74.46153846153847","74.46153846153847","0","74.46153846153847"
"1","52","500","0","20","0","20","0","4","0","3","0","4","0","3","""-1385368476""","73.90036900369003","73.90036900369003","73.90036900369003","0","73.90036900369003"
"1","53","500","0","20","0","20","0","4","0","3","0","4","0","3","""832046917""","76.20363636363636","76.20363636363636","76.20363636363636","0","76.20363636363636"
"1","54","500","0","20","0","20","0","4","0","3","0","4","0","3","""-1698292600""","75.8913043478261","75.8913043478261","75.8913043478261","0","75.8913043478261"
"1","55","500","0","20","0","20","0","4","0","3","0","4","0","3","""-27602672""","72.93357933579335","72.93357933579335","72.93357933579335","0","72.93357933579335"
"1","56","500","0","20","0","20","0","4","0","3","0","4","0","3","""1987911069""","73.85198555956678","73.85198555956678","73.85198555956678","0","73.85198555956678"
"1","57","500","0","20","0","20","0","4","0","3","0","4","0","3","""-514442780""","75.74632352941177","75.74632352941177","75.74632352941177","0","75.74632352941177"
"1","58","500","0","20","0","20","0","4","0","3","0","4","0","3","""981038932""","75.53024911032028","75.53024911032028","75.53024911032028","0","75.53024911032028"
"1","59","500","0","20","0","20","0","4","0","3","0","4","0","3","""-472726624""","74.30714285714286","74.30714285714286","74.30714285714286","0","74.30714285714286"
"1","60","500","0","20","0","20","0","4","0","3","0","4","0","3","""421041161""","73.86330935251799","73.86330935251799","73.86330935251799","0","73.86330935251799"
"1","61","500","0","20","0","20","0","2","0","5","0","4","0","4","""2082683375""","75.21376811594203","75.21376811594203","75.21376811594203","0","75.21376811594203"
"1","62","500","0","20","0","20","0","2","0","5","0","4","0","4","""-1177923361""","76.12635379061372","76.12635379061372","76.12635379061372","0","76.12635379061372"
"1","63","500","0","20","0","20","0","2","0","5","0","4","0","4","""328453278""","76.92481203007519","76.92481203007519","76.92481203007519","0","76.92481203007519"
"1","64","500","0","20","0","20","0","2","0","5","0","4","0","4","""-2136461223""","76.49458483754513","76.49458483754513","76.49458483754513","0","76.49458483754513"
"1","65","500","0","20","0","20","0","2","0","5","0","4","0","4","""1692524913""","75.60142348754448","75.60142348754448","75.60142348754448","0","75.60142348754448"
"1","66","500","0","20","0","20","0","2","0","5","0","4","0","4","""1236058132""","77.63537906137184","77.63537906137184","77.63537906137184","0","77.63537906137184"
"1","67","500","0","20","0","20","0","2","0","5","0","4","0","4","""-1333876954""","74.95131086142322","74.95131086142322","74.95131086142322","0","74.95131086142322"
"1","68","500","0","20","0","20","0","2","0","5","0","4","0","4","""1862436388""","75.50714285714285","75.50714285714285","75.50714285714285","0","75.50714285714285"
"1","69","500","0","20","0","20","0","2","0","5","0","4","0","4","""1795680350""","75.97132616487455","75.97132616487455","75.97132616487455","0","75.97132616487455"
"1","70","500","0","20","0","20","0","2","0","5","0","4","0","4","""-633614538""","73.380073800738","73.380073800738","73.380073800738","0","73.380073800738"
"1","71","500","0","60","0","30","0","3","0","3","0","3","0","2","""-835019824""","80.2967032967033","80.2967032967033","80.2967032967033","0","80.2967032967033"
"1","72","500","0","60","0","30","0","3","0","3","0","3","0","2","""1377459922""","79.11272727272727","79.11272727272727","79.11272727272727","0","79.11272727272727"
"1","73","500","0","60","0","30","0","3","0","3","0","3","0","2","""-958509883""","78.73741007194245","78.73741007194245","78.73741007194245","0","78.73741007194245"
"1","74","500","0","60","0","30","0","3","0","3","0","3","0","2","""491785540""","78.07942238267148","78.07942238267148","78.07942238267148","0","78.07942238267148"
"1","75","500","0","60","0","30","0","3","0","3","0","3","0","2","""1054252118""","75.82051282051282","75.82051282051282","75.82051282051282","0","75.82051282051282"
"1","76","500","0","60","0","30","0","3","0","3","0","3","0","2","""496108393""","77.9014598540146","77.9014598540146","77.9014598540146","0","77.9014598540146"
"1","77","500","0","60","0","30","0","3","0","3","0","3","0","2","""-1838854282""","79.31205673758865","79.31205673758865","79.31205673758865","0","79.31205673758865"
"1","78","500","0","60","0","30","0","3","0","3","0","3","0","2","""-1259861164""","77.65","77.65","77.65","0","77.65"
"1","79","500","0","60","0","30","0","3","0","3","0","3","0","2","""-540114350""","78.38989169675091","78.38989169675091","78.38989169675091","0","78.38989169675091"
"1","80","500","0","60","0","30","0","3","0","3","0","3","0","2","""-1294227897""","78.39350180505416","78.39350180505416","78.39350180505416","0","78.39350180505416"
"1","81","500","0","60","0","20","0","1","0","2","0","4","0","5","""1187766558""","83.92727272727272","83.92727272727272","83.92727272727272","0","83.92727272727272"
"1","82","500","0","60","0","20","0","1","0","2","0","4","0","5","""-784561126""","82.48905109489051","82.48905109489051","82.48905109489051","0","82.48905109489051"
"1","83","500","0","60","0","20","0","1","0","2","0","4","0","5","""1316242266""","83.12903225806451","83.12903225806451","83.12903225806451","0","83.12903225806451"
"1","84","500","0","60","0","20","0","1","0","2","0","4","0","5","""1557529838""","82.4087591240876","82.4087591240876","82.4087591240876","0","82.4087591240876"
"1","85","500","0","60","0","20","0","1","0","2","0","4","0","5","""406527403""","82.52434456928839","82.52434456928839","82.52434456928839","0","82.52434456928839"
"1","86","500","0","60","0","20","0","1","0","2","0","4","0","5","""1611318416""","83.6","83.6","83.6","0","83.6"
"1","87","500","0","60","0","20","0","1","0","2","0","4","0","5","""-1262245268""","83.7572463768116","83.7572463768116","83.7572463768116","0","83.7572463768116"
"1","88","500","0","60","0","20","0","1","0","2","0","4","0","5","""-60886697""","83.7797833935018","83.7797833935018","83.7797833935018","0","83.7797833935018"
"1","89","500","0","60","0","20","0","1","0","2","0","4","0","5","""714010965""","82.0749063670412","82.0749063670412","82.0749063670412","0","82.0749063670412"
"1","90","500","0","60","0","20","0","1","0","2","0","4","0","5","""1039529505""","82.29181494661921","82.29181494661921","82.29181494661921","0","82.29181494661921"
"1","91","500","0","60","0","20","0","3","0","1","0","4","0","2","""1624395275""","82.72661870503597","82.72661870503597","82.72661870503597","0","82.72661870503597"
"1","92","500","0","60","0","20","0","3","0","1","0","4","0","2","""-1472460145""","82.85507246376811","82.85507246376811","82.85507246376811","0","82.85507246376811"
"1","93","500","0","60","0","20","0","3","0","1","0","4","0","2","""37154085""","82.6340579710145","82.6340579710145","82.6340579710145","0","82.6340579710145"
"1","94","500","0","60","0","20","0","3","0","1","0","4","0","2","""-1898658165""","82.12546125461255","82.12546125461255","82.12546125461255","0","82.12546125461255"
"1","95","500","0","60","0","20","0","3","0","1","0","4","0","2","""1912455334""","83.18115942028986","83.18115942028986","83.18115942028986","0","83.18115942028986"
"1","96","500","0","60","0","20","0","3","0","1","0","4","0","2","""-1928323939""","83.27402135231317","83.27402135231317","83.27402135231317","0","83.27402135231317"
"1","97","500","0","60","0","20","0","3","0","1","0","4","0","2","""1879391846""","82.81071428571428","82.81071428571428","82.81071428571428","0","82.81071428571428"
"1","98","500","0","60","0","20","0","3","0","1","0","4","0","2","""1616586415""","83.55072463768116","83.55072463768116","83.55072463768116","0","83.55072463768116"
"1","99","500","0","60","0","20","0","3","0","1","0","4","0","2","""3814570""","81.73106060606061","81.73106060606061","81.73106060606061","0","81.73106060606061"
"1","100","500","0","60","0","20","0","3","0","1","0","4","0","2","""-551865229""","83.2135231316726","83.2135231316726","83.2135231316726","0","83.2135231316726"
"1","101","500","0","20","0","20","0","3","0","3","0","3","0","1","""-2109066752""","70.44814814814815","70.44814814814815","70.44814814814815","0","70.44814814814815"
"1","102","500","0","20","0","20","0","3","0","3","0","3","0","1","""1012326994""","73.03900709219859","73.03900709219859","73.03900709219859","0","73.03900709219859"
"1","103","500","0","20","0","20","0","3","0","3","0","3","0","1","""1922957830""","70.76785714285714","70.76785714285714","70.76785714285714","0","70.76785714285714"
"1","104","500","0","20","0","20","0","3","0","3","0","3","0","1","""-1790244757""","71.44755244755245","71.44755244755245","71.44755244755245","0","71.44755244755245"
"1","105","500","0","20","0","20","0","3","0","3","0","3","0","1","""-258256451""","70.25","70.25","70.25","0","70.25"
"1","106","500","0","20","0","20","0","3","0","3","0","3","0","1","""-1336849493""","69.95017793594306","69.95017793594306","69.95017793594306","0","69.95017793594306"
"1","107","500","0","20","0","20","0","3","0","3","0","3","0","1","""-1096860177""","67.85074626865672","67.85074626865672","67.85074626865672","0","67.85074626865672"
"1","108","500","0","20","0","20","0","3","0","3","0","3","0","1","""2094677430""","70.24825174825175","70.24825174825175","70.24825174825175","0","70.24825174825175"
"1","109","500","0","20","0","20","0","3","0","3","0","3","0","1","""1876370497""","70.39642857142857","70.39642857142857","70.39642857142857","0","70.39642857142857"
"1","110","500","0","20","0","20","0","3","0","3","0","3","0","1","""2076281835""","68.72695035460993","68.72695035460993","68.72695035460993","0","68.72695035460993"
"1","111","500","0","60","0","50","0","5","0","4","0","1","0","4","""363229404""","6.297794117647059","6.297794117647059","6.297794117647059","0","6.297794117647059"
"1","112","500","0","60","0","50","0","5","0","4","0","1","0","4","""-1536840774""","7.844444444444444","7.844444444444444","7.844444444444444","0","7.844444444444444"
"1","113","500","0","60","0","50","0","5","0","4","0","1","0","4","""2047126347""","8.025089605734767","8.025089605734767","8.025089605734767","0","8.025089605734767"
"1","114","500","0","60","0","50","0","5","0","4","0","1","0","4","""664850104""","7.4640287769784175","7.4640287769784175","7.4640287769784175","0","7.4640287769784175"
"1","115","500","0","60","0","50","0","5","0","4","0","1","0","4","""-362289791""","9.028571428571428","9.028571428571428","9.028571428571428","0","9.028571428571428"
"1","116","500","0","60","0","50","0","5","0","4","0","1","0","4","""-875002726""","7.419117647058823","7.419117647058823","7.419117647058823","0","7.419117647058823"
"1","117","500","0","60","0","50","0","5","0","4","0","1","0","4","""274425864""","7.93950177935943","7.93950177935943","7.93950177935943","0","7.93950177935943"
"1","118","500","0","60","0","50","0","5","0","4","0","1","0","4","""85588379""","8.44649446494465","8.44649446494465","8.44649446494465","0","8.44649446494465"
"1","119","500","0","60","0","50","0","5","0","4","0","1","0","4","""1686207668""","6.9818181818181815","6.9818181818181815","6.9818181818181815","0","6.9818181818181815"
"1","120","500","0","60","0","50","0","5","0","4","0","1","0","4","""85696826""","7.318840579710145","7.318840579710145","7.318840579710145","0","7.318840579710145"
"1","121","500","0","20","0","20","0","2","0","3","0","5","0","2","""-1612108418""","78.88928571428572","78.88928571428572","78.88928571428572","0","78.88928571428572"
"1","122","500","0","20","0","20","0","2","0","3","0","5","0","2","""-1010403803""","78.60142348754448","78.60142348754448","78.60142348754448","0","78.60142348754448"
"1","123","500","0","20","0","20","0","2","0","3","0","5","0","2","""1279633337""","79.80565371024736","79.80565371024736","79.80565371024736","0","79.80565371024736"
"1","124","500","0","20","0","20","0","2","0","3","0","5","0","2","""619049845""","77.80363636363636","77.80363636363636","77.80363636363636","0","77.80363636363636"
"1","125","500","0","20","0","20","0","2","0","3","0","5","0","2","""1850677729""","78.80656934306569","78.80656934306569","78.80656934306569","0","78.80656934306569"
"1","126","500","0","20","0","20","0","2","0","3","0","5","0","2","""660655324""","80.15384615384616","80.15384615384616","80.15384615384616","0","80.15384615384616"
"1","127","500","0","20","0","20","0","2","0","3","0","5","0","2","""15900148""","80.79505300353357","80.79505300353357","80.79505300353357","0","80.79505300353357"
"1","128","500","0","20","0","20","0","2","0","3","0","5","0","2","""-1187882295""","80.13879003558719","80.13879003558719","80.13879003558719","0","80.13879003558719"
"1","129","500","0","20","0","20","0","2","0","3","0","5","0","2","""-971198417""","79.62323943661971","79.62323943661971","79.62323943661971","0","79.62323943661971"
"1","130","500","0","20","0","20","0","2","0","3","0","5","0","2","""549092106""","78.95759717314488","78.95759717314488","78.95759717314488","0","78.95759717314488"
"1","131","500","0","60","0","10","0","4","0","3","0","1","0","1","""8874062""","53.981949458483754","53.981949458483754","53.981949458483754","0","53.981949458483754"
"1","132","500","0","60","0","10","0","4","0","3","0","1","0","1","""-1450288227""","51.64561403508772","51.64561403508772","51.64561403508772","0","51.64561403508772"
"1","133","500","0","60","0","10","0","4","0","3","0","1","0","1","""-1408990790""","53.448905109489054","53.448905109489054","53.448905109489054","0","53.448905109489054"
"1","134","500","0","60","0","10","0","4","0","3","0","1","0","1","""1833872984""","52.370370370370374","52.370370370370374","52.370370370370374","0","52.370370370370374"
"1","135","500","0","60","0","10","0","4","0","3","0","1","0","1","""-1438379500""","51.2007299270073","51.2007299270073","51.2007299270073","0","51.2007299270073"
"1","136","500","0","60","0","10","0","4","0","3","0","1","0","1","""1596851196""","54.81785714285714","54.81785714285714","54.81785714285714","0","54.81785714285714"
"1","137","500","0","60","0","10","0","4","0","3","0","1","0","1","""-1014239377""","54.77894736842105","54.77894736842105","54.77894736842105","0","54.77894736842105"
"1","138","500","0","60","0","10","0","4","0","3","0","1","0","1","""414057422""","52.99650349650349","52.99650349650349","52.99650349650349","0","52.99650349650349"
"1","139","500","0","60","0","10","0","4","0","3","0","1","0","1","""507263830""","54.028985507246375","54.028985507246375","54.028985507246375","0","54.028985507246375"
"1","140","500","0","60","0","10","0","4","0","3","0","1","0","1","""1216907255""","51.523809523809526","51.523809523809526","51.523809523809526","0","51.523809523809526"
"1","141","500","0","20","0","30","0","4","0","4","0","4","0","3","""-2001551404""","72.98913043478261","72.98913043478261","72.98913043478261","0","72.98913043478261"
"1","142","500","0","20","0","30","0","4","0","4","0","4","0","3","""238967546""","74.12996389891697","74.12996389891697","74.12996389891697","0","74.12996389891697"
"1","143","500","0","20","0","30","0","4","0","4","0","4","0","3","""-518862747""","71.73033707865169","71.73033707865169","71.73033707865169","0","71.73033707865169"
"1","144","500","0","20","0","30","0","4","0","4","0","4","0","3","""-798020669""","74.2080291970803","74.2080291970803","74.2080291970803","0","74.2080291970803"
"1","145","500","0","20","0","30","0","4","0","4","0","4","0","3","""1815488615""","73.97872340425532","73.97872340425532","73.97872340425532","0","73.97872340425532"
"1","146","500","0","20","0","30","0","4","0","4","0","4","0","3","""-1969739188""","74.89530685920577","74.89530685920577","74.89530685920577","0","74.89530685920577"
"1","147","500","0","20","0","30","0","4","0","4","0","4","0","3","""259593741""","74.27838827838828","74.27838827838828","74.27838827838828","0","74.27838827838828"
"1","148","500","0","20","0","30","0","4","0","4","0","4","0","3","""1376727870""","74.88461538461539","74.88461538461539","74.88461538461539","0","74.88461538461539"
"1","149","500","0","20","0","30","0","4","0","4","0","4","0","3","""1664367642""","73.58098591549296","73.58098591549296","73.58098591549296","0","73.58098591549296"
"1","150","500","0","20","0","30","0","4","0","4","0","4","0","3","""-263666660""","72.85171102661597","72.85171102661597","72.85171102661597","0","72.85171102661597"
"1","151","500","0","60","0","20","0","3","0","2","0","2","0","4","""805165331""","12.76736111111111","12.76736111111111","12.76736111111111","0","12.76736111111111"
"1","152","500","0","60","0","20","0","3","0","2","0","2","0","4","""777724455""","14.456140350877194","14.456140350877194","14.456140350877194","0","14.456140350877194"
"1","153","500","0","60","0","20","0","3","0","2","0","2","0","4","""990712460""","14.398523985239853","14.398523985239853","14.398523985239853","0","14.398523985239853"
"1","154","500","0","60","0","20","0","3","0","2","0","2","0","4","""917755135""","14.136690647482014","14.136690647482014","14.136690647482014","0","14.136690647482014"
"1","155","500","0","60","0","20","0","3","0","2","0","2","0","4","""-51806069""","12.566901408450704","12.566901408450704","12.566901408450704","0","12.566901408450704"
"1","156","500","0","60","0","20","0","3","0","2","0","2","0","4","""-979275426""","12.494505494505495","12.494505494505495","12.494505494505495","0","12.494505494505495"
"1","157","500","0","60","0","20","0","3","0","2","0","2","0","4","""-90203895""","11.992647058823529","11.992647058823529","11.992647058823529","0","11.992647058823529"
"1","158","500","0","60","0","20","0","3","0","2","0","2","0","4","""235561416""","14.76923076923077","14.76923076923077","14.76923076923077","0","14.76923076923077"
"1","159","500","0","60","0","20","0","3","0","2","0","2","0","4","""1028366596""","15.489051094890511","15.489051094890511","15.489051094890511","0","15.489051094890511"
"1","160","500","0","60","0","20","0","3","0","2","0","2","0","4","""759651604""","13.15018315018315","13.15018315018315","13.15018315018315","0","13.15018315018315"
"1","161","500","0","40","0","40","0","1","0","4","0","2","0","3","""-2120112733""","65.72426470588235","65.72426470588235","65.72426470588235","0","65.72426470588235"
"1","162","500","0","40","0","40","0","1","0","4","0","2","0","3","""151739959""","68.10247349823321","68.10247349823321","68.10247349823321","0","68.10247349823321"
"1","163","500","0","40","0","40","0","1","0","4","0","2","0","3","""-576401461""","64.82909090909091","64.82909090909091","64.82909090909091","0","64.82909090909091"
"1","164","500","0","40","0","40","0","1","0","4","0","2","0","3","""-632053704""","66.45714285714286","66.45714285714286","66.45714285714286","0","66.45714285714286"
"1","165","500","0","40","0","40","0","1","0","4","0","2","0","3","""1687729430""","68.35251798561151","68.35251798561151","68.35251798561151","0","68.35251798561151"
"1","166","500","0","40","0","40","0","1","0","4","0","2","0","3","""893086355""","67.39716312056737","67.39716312056737","67.39716312056737","0","67.39716312056737"
"1","167","500","0","40","0","40","0","1","0","4","0","2","0","3","""-818990157""","67.71119133574007","67.71119133574007","67.71119133574007","0","67.71119133574007"
"1","168","500","0","40","0","40","0","1","0","4","0","2","0","3","""2011688672""","66.04332129963899","66.04332129963899","66.04332129963899","0","66.04332129963899"
"1","169","500","0","40","0","40","0","1","0","4","0","2","0","3","""-827946432""","66.86879432624113","66.86879432624113","66.86879432624113","0","66.86879432624113"
"1","170","500","0","40","0","40","0","1","0","4","0","2","0","3","""-607414825""","65.23791821561338","65.23791821561338","65.23791821561338","0","65.23791821561338"
"1","171","500","0","80","0","20","0","3","0","5","0","5","0","2","""686114870""","88.23529411764706","88.23529411764706","88.23529411764706","0","88.23529411764706"
"1","172","500","0","80","0","20","0","3","0","5","0","5","0","2","""-132867834""","88.28","88.28","88.28","0","88.28"
"1","173","500","0","80","0","20","0","3","0","5","0","5","0","2","""877088391""","87.81818181818181","87.81818181818181","87.81818181818181","0","87.81818181818181"
"1","174","500","0","80","0","20","0","3","0","5","0","5","0","2","""380183424""","87.80935251798562","87.80935251798562","87.80935251798562","0","87.80935251798562"
"1","175","500","0","80","0","20","0","3","0","5","0","5","0","2","""1608980532""","87.84981684981685","87.84981684981685","87.84981684981685","0","87.84981684981685"
"1","176","500","0","80","0","20","0","3","0","5","0","5","0","2","""-2022729886""","87.04727272727273","87.04727272727273","87.04727272727273","0","87.04727272727273"
"1","177","500","0","80","0","20","0","3","0","5","0","5","0","2","""542072256""","87.49820788530467","87.49820788530467","87.49820788530467","0","87.49820788530467"
"1","178","500","0","80","0","20","0","3","0","5","0","5","0","2","""-1620286945""","87.44244604316546","87.44244604316546","87.44244604316546","0","87.44244604316546"
"1","179","500","0","80","0","20","0","3","0","5","0","5","0","2","""-1332115238""","86.94244604316546","86.94244604316546","86.94244604316546","0","86.94244604316546"
"1","180","500","0","80","0","20","0","3","0","5","0","5","0","2","""-391745282""","86.7918215613383","86.7918215613383","86.7918215613383","0","86.7918215613383"
"1","181","500","0","40","0","50","0","3","0","3","0","3","0","4","""1037554824""","19.121863799283155","19.121863799283155","19.121863799283155","0","19.121863799283155"
"1","182","500","0","40","0","50","0","3","0","3","0","3","0","4","""1831558669""","21.47653429602888","21.47653429602888","21.47653429602888","0","21.47653429602888"
"1","183","500","0","40","0","50","0","3","0","3","0","3","0","4","""-2071776126""","18.239436619718308","18.239436619718308","18.239436619718308","0","18.239436619718308"
"1","184","500","0","40","0","50","0","3","0","3","0","3","0","4","""-1682000661""","19.693140794223826","19.693140794223826","19.693140794223826","0","19.693140794223826"
"1","185","500","0","40","0","50","0","3","0","3","0","3","0","4","""-987382413""","19.173758865248228","19.173758865248228","19.173758865248228","0","19.173758865248228"
"1","186","500","0","40","0","50","0","3","0","3","0","3","0","4","""1238421773""","20.470802919708028","20.470802919708028","20.470802919708028","0","20.470802919708028"
"1","187","500","0","40","0","50","0","3","0","3","0","3","0","4","""459017310""","20.054945054945055","20.054945054945055","20.054945054945055","0","20.054945054945055"
"1","188","500","0","40","0","50","0","3","0","3","0","3","0","4","""353236365""","19.24561403508772","19.24561403508772","19.24561403508772","0","19.24561403508772"
"1","189","500","0","40","0","50","0","3","0","3","0","3","0","4","""1421393372""","19.256317689530686","19.256317689530686","19.256317689530686","0","19.256317689530686"
"1","190","500","0","40","0","50","0","3","0","3","0","3","0","4","""-873231272""","18.735507246376812","18.735507246376812","18.735507246376812","0","18.735507246376812"
"1","191","500","0","80","0","10","0","4","0","4","0","3","0","1","""-2019707507""","79.44525547445255","79.44525547445255","79.44525547445255","0","79.44525547445255"
"1","192","500","0","80","0","10","0","4","0","4","0","3","0","1","""1613585433""","84.62544169611307","84.62544169611307","84.62544169611307","0","84.62544169611307"
"1","193","500","0","80","0","10","0","4","0","4","0","3","0","1","""1114954501""","81.30970149253731","81.30970149253731","81.30970149253731","0","81.30970149253731"
"1","194","500","0","80","0","10","0","4","0","4","0","3","0","1","""-923617914""","82.56884057971014","82.56884057971014","82.56884057971014","0","82.56884057971014"
"1","195","500","0","80","0","10","0","4","0","4","0","3","0","1","""878650829""","83.2276119402985","83.2276119402985","83.2276119402985","0","83.2276119402985"
"1","196","500","0","80","0","10","0","4","0","4","0","3","0","1","""2019461999""","85.27106227106228","85.27106227106228","85.27106227106228","0","85.27106227106228"
"1","197","500","0","80","0","10","0","4","0","4","0","3","0","1","""224629714""","82.85714285714286","82.85714285714286","82.85714285714286","0","82.85714285714286"
"1","198","500","0","80","0","10","0","4","0","4","0","3","0","1","""1150324224""","83.36879432624113","83.36879432624113","83.36879432624113","0","83.36879432624113"
"1","199","500","0","80","0","10","0","4","0","4","0","3","0","1","""947949999""","80.89208633093526","80.89208633093526","80.89208633093526","0","80.89208633093526"
"1","200","500","0","80","0","10","0","4","0","4","0","3","0","1","""754685375""","83.47970479704797","83.47970479704797","83.47970479704797","0","83.47970479704797"
"1","201","500","0","40","0","20","0","2","0","3","0","3","0","2","""-1925025270""","74.6049822064057","74.6049822064057","74.6049822064057","0","74.6049822064057"
"1","202","500","0","40","0","20","0","2","0","3","0","3","0","2","""695754166""","76.69642857142857","76.69642857142857","76.69642857142857","0","76.69642857142857"
"1","203","500","0","40","0","20","0","2","0","3","0","3","0","2","""-2130071789""","76.17712177121771","76.17712177121771","76.17712177121771","0","76.17712177121771"
"1","204","500","0","40","0","20","0","2","0","3","0","3","0","2","""381966511""","76.56727272727272","76.56727272727272","76.56727272727272","0","76.56727272727272"
"1","205","500","0","40","0","20","0","2","0","3","0","3","0","2","""795026402""","75.75","75.75","75.75","0","75.75"
"1","206","500","0","40","0","20","0","2","0","3","0","3","0","2","""-2046855189""","76.18705035971223","76.18705035971223","76.18705035971223","0","76.18705035971223"
"1","207","500","0","40","0","20","0","2","0","3","0","3","0","2","""-1003484205""","75.45161290322581","75.45161290322581","75.45161290322581","0","75.45161290322581"
"1","208","500","0","40","0","20","0","2","0","3","0","3","0","2","""51211601""","74.10566037735849","74.10566037735849","74.10566037735849","0","74.10566037735849"
"1","209","500","0","40","0","20","0","2","0","3","0","3","0","2","""-2021999189""","74.62181818181818","74.62181818181818","74.62181818181818","0","74.62181818181818"
"1","210","500","0","40","0","20","0","2","0","3","0","3","0","2","""-418288896""","75.58545454545454","75.58545454545454","75.58545454545454","0","75.58545454545454"
"1","211","500","0","60","0","50","0","4","0","3","0","3","0","4","""897634535""","18.257142857142856","18.257142857142856","18.257142857142856","0","18.257142857142856"
"1","212","500","0","60","0","50","0","4","0","3","0","3","0","4","""701717924""","18.24372759856631","18.24372759856631","18.24372759856631","0","18.24372759856631"
"1","213","500","0","60","0","50","0","4","0","3","0","3","0","4","""1715345815""","17.81338028169014","17.81338028169014","17.81338028169014","0","17.81338028169014"
"1","214","500","0","60","0","50","0","4","0","3","0","3","0","4","""-1975200354""","16.10763888888889","16.10763888888889","16.10763888888889","0","16.10763888888889"
"1","215","500","0","60","0","50","0","4","0","3","0","3","0","4","""-1228621159""","17.44727272727273","17.44727272727273","17.44727272727273","0","17.44727272727273"
"1","216","500","0","60","0","50","0","4","0","3","0","3","0","4","""572833936""","19.83812949640288","19.83812949640288","19.83812949640288","0","19.83812949640288"
"1","217","500","0","60","0","50","0","4","0","3","0","3","0","4","""-859415371""","18.884057971014492","18.884057971014492","18.884057971014492","0","18.884057971014492"
"1","218","500","0","60","0","50","0","4","0","3","0","3","0","4","""-1302288351""","17.018450184501845","17.018450184501845","17.018450184501845","0","17.018450184501845"
"1","219","500","0","60","0","50","0","4","0","3","0","3","0","4","""-1958185549""","18.22909090909091","18.22909090909091","18.22909090909091","0","18.22909090909091"
"1","220","500","0","60","0","50","0","4","0","3","0","3","0","4","""-1430161571""","18.449640287769785","18.449640287769785","18.449640287769785","0","18.449640287769785"
"1","221","500","0","20","0","10","0","1","0","2","0","3","0","5","""-814570695""","25.559139784946236","25.559139784946236","25.559139784946236","0","25.559139784946236"
"1","222","500","0","20","0","10","0","1","0","2","0","3","0","5","""1541920214""","25.70486111111111","25.70486111111111","25.70486111111111","0","25.70486111111111"
"1","223","500","0","20","0","10","0","1","0","2","0","3","0","5","""-1739817982""","24.46840148698885","24.46840148698885","24.46840148698885","0","24.46840148698885"
"1","224","500","0","20","0","10","0","1","0","2","0","3","0","5","""-1060332984""","23.80811808118081","23.80811808118081","23.80811808118081","0","23.80811808118081"
"1","225","500","0","20","0","10","0","1","0","2","0","3","0","5","""-1802186287""","24.22826086956522","24.22826086956522","24.22826086956522","0","24.22826086956522"
"1","226","500","0","20","0","10","0","1","0","2","0","3","0","5","""-242591410""","24.27659574468085","24.27659574468085","24.27659574468085","0","24.27659574468085"
"1","227","500","0","20","0","10","0","1","0","2","0","3","0","5","""176915458""","25.03971119133574","25.03971119133574","25.03971119133574","0","25.03971119133574"
"1","228","500","0","20","0","10","0","1","0","2","0","3","0","5","""152720986""","24.077205882352942","24.077205882352942","24.077205882352942","0","24.077205882352942"
"1","229","500","0","20","0","10","0","1","0","2","0","3","0","5","""270516894""","24.91044776119403","24.91044776119403","24.91044776119403","0","24.91044776119403"
"1","230","500","0","20","0","10","0","1","0","2","0","3","0","5","""1202299638""","24.516014234875446","24.516014234875446","24.516014234875446","0","24.516014234875446"
"1","231","500","0","40","0","30","0","3","0","5","0","5","0","3","""-1831291018""","81.9963503649635","81.9963503649635","81.9963503649635","0","81.9963503649635"
"1","232","500","0","40","0","30","0","3","0","5","0","5","0","3","""328791697""","81.9074074074074","81.9074074074074","81.9074074074074","0","81.9074074074074"
"1","233","500","0","40","0","30","0","3","0","5","0","5","0","3","""240878060""","81.74725274725274","81.74725274725274","81.74725274725274","0","81.74725274725274"
"1","234","500","0","40","0","30","0","3","0","5","0","5","0","3","""239427492""","81.76428571428572","81.76428571428572","81.76428571428572","0","81.76428571428572"
"1","235","500","0","40","0","30","0","3","0","5","0","5","0","3","""-935787235""","83.4332129963899","83.4332129963899","83.4332129963899","0","83.4332129963899"
"1","236","500","0","40","0","30","0","3","0","5","0","5","0","3","""-333901393""","80.54646840148699","80.54646840148699","80.54646840148699","0","80.54646840148699"
"1","237","500","0","40","0","30","0","3","0","5","0","5","0","3","""1747061955""","81.55555555555556","81.55555555555556","81.55555555555556","0","81.55555555555556"
"1","238","500","0","40","0","30","0","3","0","5","0","5","0","3","""-1780706212""","82.12727272727273","82.12727272727273","82.12727272727273","0","82.12727272727273"
"1","239","500","0","40","0","30","0","3","0","5","0","5","0","3","""1484962531""","81.5017793594306","81.5017793594306","81.5017793594306","0","81.5017793594306"
"1","240","500","0","40","0","30","0","3","0","5","0","5","0","3","""1299809387""","81.69314079422382","81.69314079422382","81.69314079422382","0","81.69314079422382"
"1","241","500","0","80","0","10","0","1","0","4","0","1","0","3","""-662090016""","65.31501831501832","65.31501831501832","65.31501831501832","0","65.31501831501832"
"1","242","500","0","80","0","10","0","1","0","4","0","1","0","3","""-1435081943""","65.93548387096774","65.93548387096774","65.93548387096774","0","65.93548387096774"
"1","243","500","0","80","0","10","0","1","0","4","0","1","0","3","""76055740""","64.21942446043165","64.21942446043165","64.21942446043165","0","64.21942446043165"
"1","244","500","0","80","0","10","0","1","0","4","0","1","0","3","""-1879204153""","67.55882352941177","67.55882352941177","67.55882352941177","0","67.55882352941177"
"1","245","500","0","80","0","10","0","1","0","4","0","1","0","3","""-260885769""","65.06959706959707","65.06959706959707","65.06959706959707","0","65.06959706959707"
"1","246","500","0","80","0","10","0","1","0","4","0","1","0","3","""1570802290""","65.97887323943662","65.97887323943662","65.97887323943662","0","65.97887323943662"
"1","247","500","0","80","0","10","0","1","0","4","0","1","0","3","""-164221035""","65.03985507246377","65.03985507246377","65.03985507246377","0","65.03985507246377"
"1","248","500","0","80","0","10","0","1","0","4","0","1","0","3","""-1590545232""","64.27007299270073","64.27007299270073","64.27007299270073","0","64.27007299270073"
"1","249","500","0","80","0","10","0","1","0","4","0","1","0","3","""471766068""","67.95729537366547","67.95729537366547","67.95729537366547","0","67.95729537366547"
"1","250","500","0","80","0","10","0","1","0","4","0","1","0","3","""-794216945""","63.607142857142854","63.607142857142854","63.607142857142854","0","63.607142857142854"
"1","251","500","0","80","0","30","0","3","0","1","0","3","0","3","""-944511305""","21.869888475836433","21.869888475836433","21.869888475836433","0","21.869888475836433"
"1","252","500","0","80","0","30","0","3","0","1","0","3","0","3","""1438273247""","23.47163120567376","23.47163120567376","23.47163120567376","0","23.47163120567376"
"1","253","500","0","80","0","30","0","3","0","1","0","3","0","3","""1813320942""","23.75357142857143","23.75357142857143","23.75357142857143","0","23.75357142857143"
"1","254","500","0","80","0","30","0","3","0","1","0","3","0","3","""-2028031703""","22.655913978494624","22.655913978494624","22.655913978494624","0","22.655913978494624"
"1","255","500","0","80","0","30","0","3","0","1","0","3","0","3","""-193880307""","23.332142857142856","23.332142857142856","23.332142857142856","0","23.332142857142856"
"1","256","500","0","80","0","30","0","3","0","1","0","3","0","3","""-1281001702""","21.51567944250871","21.51567944250871","21.51567944250871","0","21.51567944250871"
"1","257","500","0","80","0","30","0","3","0","1","0","3","0","3","""1583257546""","23.6875","23.6875","23.6875","0","23.6875"
"1","258","500","0","80","0","30","0","3","0","1","0","3","0","3","""918845311""","23.77573529411765","23.77573529411765","23.77573529411765","0","23.77573529411765"
"1","259","500","0","80","0","30","0","3","0","1","0","3","0","3","""1495721573""","24.10948905109489","24.10948905109489","24.10948905109489","0","24.10948905109489"
"1","260","500","0","80","0","30","0","3","0","1","0","3","0","3","""139236625""","22.568421052631578","22.568421052631578","22.568421052631578","0","22.568421052631578"
"1","261","500","0","20","0","10","0","3","0","5","0","1","0","1","""-1026220087""","41.91970802919708","41.91970802919708","41.91970802919708","0","41.91970802919708"
"1","262","500","0","20","0","10","0","3","0","5","0","1","0","1","""-2038252733""","41.35361216730038","41.35361216730038","41.35361216730038","0","41.35361216730038"
"1","263","500","0","20","0","10","0","3","0","5","0","1","0","1","""-1506091142""","41.97508896797153","41.97508896797153","41.97508896797153","0","41.97508896797153"
"1","264","500","0","20","0","10","0","3","0","5","0","1","0","1","""1069619056""","41.719298245614034","41.719298245614034","41.719298245614034","0","41.719298245614034"
"1","265","500","0","20","0","10","0","3","0","5","0","1","0","1","""2088952754""","39.18819188191882","39.18819188191882","39.18819188191882","0","39.18819188191882"
"1","266","500","0","20","0","10","0","3","0","5","0","1","0","1","""-2006219455""","42.757246376811594","42.757246376811594","42.757246376811594","0","42.757246376811594"
"1","267","500","0","20","0","10","0","3","0","5","0","1","0","1","""-615392937""","41.79496402877698","41.79496402877698","41.79496402877698","0","41.79496402877698"
"1","268","500","0","20","0","10","0","3","0","5","0","1","0","1","""-929117158""","42.19064748201439","42.19064748201439","42.19064748201439","0","42.19064748201439"
"1","269","500","0","20","0","10","0","3","0","5","0","1","0","1","""-1323781714""","40.95539033457249","40.95539033457249","40.95539033457249","0","40.95539033457249"
"1","270","500","0","20","0","10","0","3","0","5","0","1","0","1","""535050252""","40.2389705882353","40.2389705882353","40.2389705882353","0","40.2389705882353"
"1","271","500","0","60","0","30","0","2","0","1","0","4","0","4","""175270513""","22.053571428571427","22.053571428571427","22.053571428571427","0","22.053571428571427"
"1","272","500","0","60","0","30","0","2","0","1","0","4","0","4","""-410925518""","22.9","22.9","22.9","0","22.9"
"1","273","500","0","60","0","30","0","2","0","1","0","4","0","4","""-130416609""","24.195652173913043","24.195652173913043","24.195652173913043","0","24.195652173913043"
"1","274","500","0","60","0","30","0","2","0","1","0","4","0","4","""1981353203""","22.78014184397163","22.78014184397163","22.78014184397163","0","22.78014184397163"
"1","275","500","0","60","0","30","0","2","0","1","0","4","0","4","""-1629487609""","22.442028985507246","22.442028985507246","22.442028985507246","0","22.442028985507246"
"1","276","500","0","60","0","30","0","2","0","1","0","4","0","4","""-614866721""","23.090579710144926","23.090579710144926","23.090579710144926","0","23.090579710144926"
"1","277","500","0","60","0","30","0","2","0","1","0","4","0","4","""296055996""","24.70567375886525","24.70567375886525","24.70567375886525","0","24.70567375886525"
"1","278","500","0","60","0","30","0","2","0","1","0","4","0","4","""325131040""","20.43820224719101","20.43820224719101","20.43820224719101","0","20.43820224719101"
"1","279","500","0","60","0","30","0","2","0","1","0","4","0","4","""1124793961""","24.445652173913043","24.445652173913043","24.445652173913043","0","24.445652173913043"
"1","280","500","0","60","0","30","0","2","0","1","0","4","0","4","""-76152026""","22.380434782608695","22.380434782608695","22.380434782608695","0","22.380434782608695"
"1","281","500","0","40","0","10","0","1","0","4","0","1","0","2","""1568458831""","49.90217391304348","49.90217391304348","49.90217391304348","0","49.90217391304348"
"1","282","500","0","40","0","10","0","1","0","4","0","1","0","2","""1228906110""","49.69675090252708","49.69675090252708","49.69675090252708","0","49.69675090252708"
"1","283","500","0","40","0","10","0","1","0","4","0","1","0","2","""1554613147""","48.473118279569896","48.473118279569896","48.473118279569896","0","48.473118279569896"
"1","284","500","0","40","0","10","0","1","0","4","0","1","0","2","""-1498464132""","50.167883211678834","50.167883211678834","50.167883211678834","0","50.167883211678834"
"1","285","500","0","40","0","10","0","1","0","4","0","1","0","2","""382561450""","50.58510638297872","50.58510638297872","50.58510638297872","0","50.58510638297872"
"1","286","500","0","40","0","10","0","1","0","4","0","1","0","2","""1987864696""","50.666666666666664","50.666666666666664","50.666666666666664","0","50.666666666666664"
"1","287","500","0","40","0","10","0","1","0","4","0","1","0","2","""-1924084152""","49.73571428571429","49.73571428571429","49.73571428571429","0","49.73571428571429"
"1","288","500","0","40","0","10","0","1","0","4","0","1","0","2","""1373373100""","52.91197183098591","52.91197183098591","52.91197183098591","0","52.91197183098591"
"1","289","500","0","40","0","10","0","1","0","4","0","1","0","2","""1119498411""","53.09122807017544","53.09122807017544","53.09122807017544","0","53.09122807017544"
"1","290","500","0","40","0","10","0","1","0","4","0","1","0","2","""559592361""","52.863157894736844","52.863157894736844","52.863157894736844","0","52.863157894736844"
"1","291","500","0","40","0","30","0","1","0","3","0","3","0","4","""1173445296""","73.93548387096774","73.93548387096774","73.93548387096774","0","73.93548387096774"
"1","292","500","0","40","0","30","0","1","0","3","0","3","0","4","""523841552""","73.60142348754448","73.60142348754448","73.60142348754448","0","73.60142348754448"
"1","293","500","0","40","0","30","0","1","0","3","0","3","0","4","""-1073206439""","73.30740740740741","73.30740740740741","73.30740740740741","0","73.30740740740741"
"1","294","500","0","40","0","30","0","1","0","3","0","3","0","4","""154890522""","74.2078853046595","74.2078853046595","74.2078853046595","0","74.2078853046595"
"1","295","500","0","40","0","30","0","1","0","3","0","3","0","4","""-1268838582""","72.95729537366547","72.95729537366547","72.95729537366547","0","72.95729537366547"
"1","296","500","0","40","0","30","0","1","0","3","0","3","0","4","""-1468989445""","72.40727272727273","72.40727272727273","72.40727272727273","0","72.40727272727273"
"1","297","500","0","40","0","30","0","1","0","3","0","3","0","4","""-839731677""","73.18315018315019","73.18315018315019","73.18315018315019","0","73.18315018315019"
"1","298","500","0","40","0","30","0","1","0","3","0","3","0","4","""-1514655496""","75.1159420289855","75.1159420289855","75.1159420289855","0","75.1159420289855"
"1","299","500","0","40","0","30","0","1","0","3","0","3","0","4","""-501479794""","73.41342756183745","73.41342756183745","73.41342756183745","0","73.41342756183745"
"1","300","500","0","40","0","30","0","1","0","3","0","3","0","4","""-709942286""","74.20652173913044","74.20652173913044","74.20652173913044","0","74.20652173913044"
"1","301","500","0","80","0","40","0","3","0","4","0","5","0","1","""-664623852""","87.97122302158273","87.97122302158273","87.97122302158273","0","87.97122302158273"
"1","302","500","0","80","0","40","0","3","0","4","0","5","0","1","""1215204134""","86.32352941176471","86.32352941176471","86.32352941176471","0","86.32352941176471"
"1","303","500","0","80","0","40","0","3","0","4","0","5","0","1","""-1015058266""","85.50179211469533","85.50179211469533","85.50179211469533","0","85.50179211469533"
"1","304","500","0","80","0","40","0","3","0","4","0","5","0","1","""734112663""","87.05054151624549","87.05054151624549","87.05054151624549","0","87.05054151624549"
"1","305","500","0","80","0","40","0","3","0","4","0","5","0","1","""-1413627609""","87.53790613718411","87.53790613718411","87.53790613718411","0","87.53790613718411"
"1","306","500","0","80","0","40","0","3","0","4","0","5","0","1","""32935511""","87.54609929078015","87.54609929078015","87.54609929078015","0","87.54609929078015"
"1","307","500","0","80","0","40","0","3","0","4","0","5","0","1","""1195932791""","87.77083333333333","87.77083333333333","87.77083333333333","0","87.77083333333333"
"1","308","500","0","80","0","40","0","3","0","4","0","5","0","1","""754670714""","86.65845070422536","86.65845070422536","86.65845070422536","0","86.65845070422536"
"1","309","500","0","80","0","40","0","3","0","4","0","5","0","1","""-688867827""","86.68085106382979","86.68085106382979","86.68085106382979","0","86.68085106382979"
"1","310","500","0","80","0","40","0","3","0","4","0","5","0","1","""1757893425""","86.028880866426","86.028880866426","86.028880866426","0","86.028880866426"
"1","311","500","0","40","0","30","0","3","0","3","0","3","0","3","""-1725870960""","70.63868613138686","70.63868613138686","70.63868613138686","0","70.63868613138686"
"1","312","500","0","40","0","30","0","3","0","3","0","3","0","3","""429665677""","71.65827338129496","71.65827338129496","71.65827338129496","0","71.65827338129496"
"1","313","500","0","40","0","30","0","3","0","3","0","3","0","3","""2019160259""","71.07636363636364","71.07636363636364","71.07636363636364","0","71.07636363636364"
"1","314","500","0","40","0","30","0","3","0","3","0","3","0","3","""751387799""","72.89090909090909","72.89090909090909","72.89090909090909","0","72.89090909090909"
"1","315","500","0","40","0","30","0","3","0","3","0","3","0","3","""-828775154""","72.80714285714286","72.80714285714286","72.80714285714286","0","72.80714285714286"
"1","316","500","0","40","0","30","0","3","0","3","0","3","0","3","""986961748""","71.76344086021506","71.76344086021506","71.76344086021506","0","71.76344086021506"
"1","317","500","0","40","0","30","0","3","0","3","0","3","0","3","""-1083451501""","70.5709219858156","70.5709219858156","70.5709219858156","0","70.5709219858156"
"1","318","500","0","40","0","30","0","3","0","3","0","3","0","3","""970192192""","72.06737588652483","72.06737588652483","72.06737588652483","0","72.06737588652483"
"1","319","500","0","40","0","30","0","3","0","3","0","3","0","3","""-1203268992""","73.47080291970804","73.47080291970804","73.47080291970804","0","73.47080291970804"
"1","320","500","0","40","0","30","0","3","0","3","0","3","0","3","""1826048472""","73.68683274021352","73.68683274021352","73.68683274021352","0","73.68683274021352"
"1","321","500","0","60","0","40","0","1","0","5","0","3","0","4","""-497571164""","79.41281138790036","79.41281138790036","79.41281138790036","0","79.41281138790036"
"1","322","500","0","60","0","40","0","1","0","5","0","3","0","4","""-694674371""","78.15185185185184","78.15185185185184","78.15185185185184","0","78.15185185185184"
"1","323","500","0","60","0","40","0","1","0","5","0","3","0","4","""786842289""","79.93406593406593","79.93406593406593","79.93406593406593","0","79.93406593406593"
"1","324","500","0","60","0","40","0","1","0","5","0","3","0","4","""-1311385274""","80.01107011070111","80.01107011070111","80.01107011070111","0","80.01107011070111"
"1","325","500","0","60","0","40","0","1","0","5","0","3","0","4","""-1268898098""","78.64459930313589","78.64459930313589","78.64459930313589","0","78.64459930313589"
"1","326","500","0","60","0","40","0","1","0","5","0","3","0","4","""-944854860""","80.95774647887323","80.95774647887323","80.95774647887323","0","80.95774647887323"
"1","327","500","0","60","0","40","0","1","0","5","0","3","0","4","""1194543445""","80.53146853146853","80.53146853146853","80.53146853146853","0","80.53146853146853"
"1","328","500","0","60","0","40","0","1","0","5","0","3","0","4","""535428327""","78.02952029520296","78.02952029520296","78.02952029520296","0","78.02952029520296"
"1","329","500","0","60","0","40","0","1","0","5","0","3","0","4","""-302240739""","79.51811594202898","79.51811594202898","79.51811594202898","0","79.51811594202898"
"1","330","500","0","60","0","40","0","1","0","5","0","3","0","4","""720521849""","81.17204301075269","81.17204301075269","81.17204301075269","0","81.17204301075269"
"1","331","500","0","40","0","20","0","1","0","4","0","4","0","3","""718460068""","79.88808664259928","79.88808664259928","79.88808664259928","0","79.88808664259928"
"1","332","500","0","40","0","20","0","1","0","4","0","4","0","3","""-2122411949""","80.25090909090909","80.25090909090909","80.25090909090909","0","80.25090909090909"
"1","333","500","0","40","0","20","0","1","0","4","0","4","0","3","""-2036565053""","80.92805755395683","80.92805755395683","80.92805755395683","0","80.92805755395683"
"1","334","500","0","40","0","20","0","1","0","4","0","4","0","3","""1719286832""","81.13978494623656","81.13978494623656","81.13978494623656","0","81.13978494623656"
"1","335","500","0","40","0","20","0","1","0","4","0","4","0","3","""1255986884""","81.1056338028169","81.1056338028169","81.1056338028169","0","81.1056338028169"
"1","336","500","0","40","0","20","0","1","0","4","0","4","0","3","""865127569""","80.92446043165468","80.92446043165468","80.92446043165468","0","80.92446043165468"
"1","337","500","0","40","0","20","0","1","0","4","0","4","0","3","""-1616352328""","81.32624113475177","81.32624113475177","81.32624113475177","0","81.32624113475177"
"1","338","500","0","40","0","20","0","1","0","4","0","4","0","3","""659906075""","80.84452296819788","80.84452296819788","80.84452296819788","0","80.84452296819788"
"1","339","500","0","40","0","20","0","1","0","4","0","4","0","3","""-1621376906""","81.14909090909092","81.14909090909092","81.14909090909092","0","81.14909090909092"
"1","340","500","0","40","0","20","0","1","0","4","0","4","0","3","""-1685888470""","79.43283582089552","79.43283582089552","79.43283582089552","0","79.43283582089552"
"1","341","500","0","40","0","30","0","3","0","3","0","1","0","3","""358324295""","6.024822695035461","6.024822695035461","6.024822695035461","0","6.024822695035461"
"1","342","500","0","40","0","30","0","3","0","3","0","1","0","3","""-83375122""","6.4","6.4","6.4","0","6.4"
"1","343","500","0","40","0","30","0","3","0","3","0","1","0","3","""736691893""","6.455516014234876","6.455516014234876","6.455516014234876","0","6.455516014234876"
"1","344","500","0","40","0","30","0","3","0","3","0","1","0","3","""1614211915""","6.4963235294117645","6.4963235294117645","6.4963235294117645","0","6.4963235294117645"
"1","345","500","0","40","0","30","0","3","0","3","0","1","0","3","""679710506""","6.391304347826087","6.391304347826087","6.391304347826087","0","6.391304347826087"
"1","346","500","0","40","0","30","0","3","0","3","0","1","0","3","""-1723161436""","7.733576642335766","7.733576642335766","7.733576642335766","0","7.733576642335766"
"1","347","500","0","40","0","30","0","3","0","3","0","1","0","3","""-413609149""","6.915441176470588","6.915441176470588","6.915441176470588","0","6.915441176470588"
"1","348","500","0","40","0","30","0","3","0","3","0","1","0","3","""-1968822657""","6.359712230215828","6.359712230215828","6.359712230215828","0","6.359712230215828"
"1","349","500","0","40","0","30","0","3","0","3","0","1","0","3","""-1190822517""","7.103942652329749","7.103942652329749","7.103942652329749","0","7.103942652329749"
"1","350","500","0","40","0","30","0","3","0","3","0","1","0","3","""-88518566""","7.405904059040591","7.405904059040591","7.405904059040591","0","7.405904059040591"
"1","351","500","0","40","0","20","0","5","0","5","0","4","0","3","""-445456644""","76.94181818181818","76.94181818181818","76.94181818181818","0","76.94181818181818"
"1","352","500","0","40","0","20","0","5","0","5","0","4","0","3","""-1655042224""","78.34642857142858","78.34642857142858","78.34642857142858","0","78.34642857142858"
"1","353","500","0","40","0","20","0","5","0","5","0","4","0","3","""-678495993""","76.39855072463769","76.39855072463769","76.39855072463769","0","76.39855072463769"
"1","354","500","0","40","0","20","0","5","0","5","0","4","0","3","""645166091""","79.12367491166077","79.12367491166077","79.12367491166077","0","79.12367491166077"
"1","355","500","0","40","0","20","0","5","0","5","0","4","0","3","""1026811019""","79.29411764705883","79.29411764705883","79.29411764705883","0","79.29411764705883"
"1","356","500","0","40","0","20","0","5","0","5","0","4","0","3","""-1278969219""","78.87364620938628","78.87364620938628","78.87364620938628","0","78.87364620938628"
"1","357","500","0","40","0","20","0","5","0","5","0","4","0","3","""-1955281120""","77.98148148148148","77.98148148148148","77.98148148148148","0","77.98148148148148"
"1","358","500","0","40","0","20","0","5","0","5","0","4","0","3","""680460448""","81.51567944250871","81.51567944250871","81.51567944250871","0","81.51567944250871"
"1","359","500","0","40","0","20","0","5","0","5","0","4","0","3","""-979331675""","78.1094890510949","78.1094890510949","78.1094890510949","0","78.1094890510949"
"1","360","500","0","40","0","20","0","5","0","5","0","4","0","3","""-1974610546""","79.82685512367492","79.82685512367492","79.82685512367492","0","79.82685512367492"
"1","361","500","0","60","0","20","0","1","0","3","0","3","0","4","""953709411""","80.99647887323944","80.99647887323944","80.99647887323944","0","80.99647887323944"
"1","362","500","0","60","0","20","0","1","0","3","0","3","0","4","""766271724""","80.4059040590406","80.4059040590406","80.4059040590406","0","80.4059040590406"
"1","363","500","0","60","0","20","0","1","0","3","0","3","0","4","""1403791901""","79.84","79.84","79.84","0","79.84"
"1","364","500","0","60","0","20","0","1","0","3","0","3","0","4","""-1491311925""","80.18439716312056","80.18439716312056","80.18439716312056","0","80.18439716312056"
"1","365","500","0","60","0","20","0","1","0","3","0","3","0","4","""1469894881""","81.60885608856088","81.60885608856088","81.60885608856088","0","81.60885608856088"
"1","366","500","0","60","0","20","0","1","0","3","0","3","0","4","""-151341079""","79.73741007194245","79.73741007194245","79.73741007194245","0","79.73741007194245"
"1","367","500","0","60","0","20","0","1","0","3","0","3","0","4","""-223683445""","81.9820143884892","81.9820143884892","81.9820143884892","0","81.9820143884892"
"1","368","500","0","60","0","20","0","1","0","3","0","3","0","4","""1320971531""","79.74452554744525","79.74452554744525","79.74452554744525","0","79.74452554744525"
"1","369","500","0","60","0","20","0","1","0","3","0","3","0","4","""-44168175""","80.17081850533808","80.17081850533808","80.17081850533808","0","80.17081850533808"
"1","370","500","0","60","0","20","0","1","0","3","0","3","0","4","""-220340138""","79.33812949640287","79.33812949640287","79.33812949640287","0","79.33812949640287"
"1","371","500","0","20","0","30","0","2","0","1","0","2","0","1","""1931296194""","22.463503649635037","22.463503649635037","22.463503649635037","0","22.463503649635037"
"1","372","500","0","20","0","30","0","2","0","1","0","2","0","1","""-480836510""","20.43006993006993","20.43006993006993","20.43006993006993","0","20.43006993006993"
"1","373","500","0","20","0","30","0","2","0","1","0","2","0","1","""1302395843""","20.118081180811807","20.118081180811807","20.118081180811807","0","20.118081180811807"
"1","374","500","0","20","0","30","0","2","0","1","0","2","0","1","""1942493814""","19.703703703703702","19.703703703703702","19.703703703703702","0","19.703703703703702"
"1","375","500","0","20","0","30","0","2","0","1","0","2","0","1","""-418550490""","23.742753623188406","23.742753623188406","23.742753623188406","0","23.742753623188406"
"1","376","500","0","20","0","30","0","2","0","1","0","2","0","1","""-813602235""","20.335714285714285","20.335714285714285","20.335714285714285","0","20.335714285714285"
"1","377","500","0","20","0","30","0","2","0","1","0","2","0","1","""-1624192984""","20.15357142857143","20.15357142857143","20.15357142857143","0","20.15357142857143"
"1","378","500","0","20","0","30","0","2","0","1","0","2","0","1","""475293127""","21.14946619217082","21.14946619217082","21.14946619217082","0","21.14946619217082"
"1","379","500","0","20","0","30","0","2","0","1","0","2","0","1","""1674140771""","22.15523465703971","22.15523465703971","22.15523465703971","0","22.15523465703971"
"1","380","500","0","20","0","30","0","2","0","1","0","2","0","1","""-1288572647""","23.75971731448763","23.75971731448763","23.75971731448763","0","23.75971731448763"
"1","381","500","0","80","0","40","0","3","0","4","0","1","0","3","""-598857130""","26.06737588652482","26.06737588652482","26.06737588652482","0","26.06737588652482"
"1","382","500","0","80","0","40","0","3","0","4","0","1","0","3","""-588999160""","25.70967741935484","25.70967741935484","25.70967741935484","0","25.70967741935484"
"1","383","500","0","80","0","40","0","3","0","4","0","1","0","3","""681387928""","26.855072463768117","26.855072463768117","26.855072463768117","0","26.855072463768117"
"1","384","500","0","80","0","40","0","3","0","4","0","1","0","3","""-846394694""","25.192028985507246","25.192028985507246","25.192028985507246","0","25.192028985507246"
"1","385","500","0","80","0","40","0","3","0","4","0","1","0","3","""-477604852""","23.593406593406595","23.593406593406595","23.593406593406595","0","23.593406593406595"
"1","386","500","0","80","0","40","0","3","0","4","0","1","0","3","""-1846883779""","25.003521126760564","25.003521126760564","25.003521126760564","0","25.003521126760564"
"1","387","500","0","80","0","40","0","3","0","4","0","1","0","3","""2085857165""","27.77859778597786","27.77859778597786","27.77859778597786","0","27.77859778597786"
"1","388","500","0","80","0","40","0","3","0","4","0","1","0","3","""955176490""","26.185454545454544","26.185454545454544","26.185454545454544","0","26.185454545454544"
"1","389","500","0","80","0","40","0","3","0","4","0","1","0","3","""-1974231938""","25.992592592592594","25.992592592592594","25.992592592592594","0","25.992592592592594"
"1","390","500","0","80","0","40","0","3","0","4","0","1","0","3","""1650762664""","24.418518518518518","24.418518518518518","24.418518518518518","0","24.418518518518518"
"1","391","500","0","60","0","50","0","3","0","5","0","3","0","3","""410614306""","76.55762081784387","76.55762081784387","76.55762081784387","0","76.55762081784387"
"1","392","500","0","60","0","50","0","3","0","5","0","3","0","3","""27768240""","75.00729927007299","75.00729927007299","75.00729927007299","0","75.00729927007299"
"1","393","500","0","60","0","50","0","3","0","5","0","3","0","3","""-704343491""","76.96389891696751","76.96389891696751","76.96389891696751","0","76.96389891696751"
"1","394","500","0","60","0","50","0","3","0","5","0","3","0","3","""1976719546""","77.10545454545455","77.10545454545455","77.10545454545455","0","77.10545454545455"
"1","395","500","0","60","0","50","0","3","0","5","0","3","0","3","""-1199649877""","78.76325088339223","78.76325088339223","78.76325088339223","0","78.76325088339223"
"1","396","500","0","60","0","50","0","3","0","5","0","3","0","3","""-1600592365""","75.50179211469533","75.50179211469533","75.50179211469533","0","75.50179211469533"
"1","397","500","0","60","0","50","0","3","0","5","0","3","0","3","""-2070376196""","79.37152777777777","79.37152777777777","79.37152777777777","0","79.37152777777777"
"1","398","500","0","60","0","50","0","3","0","5","0","3","0","3","""-3588644""","75.69741697416974","75.69741697416974","75.69741697416974","0","75.69741697416974"
"1","399","500","0","60","0","50","0","3","0","5","0","3","0","3","""-413679180""","76.50545454545454","76.50545454545454","76.50545454545454","0","76.50545454545454"
"1","400","500","0","60","0","50","0","3","0","5","0","3","0","3","""-223354239""","74.72661870503597","74.72661870503597","74.72661870503597","0","74.72661870503597"
"1","401","500","0","40","0","10","0","1","0","3","0","4","0","3","""-1696018402""","80.35231316725978","80.35231316725978","80.35231316725978","0","80.35231316725978"
"1","402","500","0","40","0","10","0","1","0","3","0","4","0","3","""2135744386""","79.55035971223022","79.55035971223022","79.55035971223022","0","79.55035971223022"
"1","403","500","0","40","0","10","0","1","0","3","0","4","0","3","""-1028916000""","78.92831541218638","78.92831541218638","78.92831541218638","0","78.92831541218638"
"1","404","500","0","40","0","10","0","1","0","3","0","4","0","3","""-365618393""","79.88686131386861","79.88686131386861","79.88686131386861","0","79.88686131386861"
"1","405","500","0","40","0","10","0","1","0","3","0","4","0","3","""-359039735""","80.9644128113879","80.9644128113879","80.9644128113879","0","80.9644128113879"
"1","406","500","0","40","0","10","0","1","0","3","0","4","0","3","""857175027""","80.33576642335767","80.33576642335767","80.33576642335767","0","80.33576642335767"
"1","407","500","0","40","0","10","0","1","0","3","0","4","0","3","""-2132286783""","80.2831541218638","80.2831541218638","80.2831541218638","0","80.2831541218638"
"1","408","500","0","40","0","10","0","1","0","3","0","4","0","3","""-1386872596""","81.62989323843416","81.62989323843416","81.62989323843416","0","81.62989323843416"
"1","409","500","0","40","0","10","0","1","0","3","0","4","0","3","""-1067595233""","81.93684210526315","81.93684210526315","81.93684210526315","0","81.93684210526315"
"1","410","500","0","40","0","10","0","1","0","3","0","4","0","3","""-249859154""","82.08602150537635","82.08602150537635","82.08602150537635","0","82.08602150537635"
"1","411","500","0","80","0","10","0","4","0","4","0","4","0","4","""592956190""","86.33101045296168","86.33101045296168","86.33101045296168","0","86.33101045296168"
"1","412","500","0","80","0","10","0","4","0","4","0","4","0","4","""2114793885""","86.12811387900356","86.12811387900356","86.12811387900356","0","86.12811387900356"
"1","413","500","0","80","0","10","0","4","0","4","0","4","0","4","""812702761""","87.18840579710145","87.18840579710145","87.18840579710145","0","87.18840579710145"
"1","414","500","0","80","0","10","0","4","0","4","0","4","0","4","""1645762817""","85.32490974729242","85.32490974729242","85.32490974729242","0","85.32490974729242"
"1","415","500","0","80","0","10","0","4","0","4","0","4","0","4","""-1240565338""","86.2909090909091","86.2909090909091","86.2909090909091","0","86.2909090909091"
"1","416","500","0","80","0","10","0","4","0","4","0","4","0","4","""1518218439""","82.68478260869566","82.68478260869566","82.68478260869566","0","82.68478260869566"
"1","417","500","0","80","0","10","0","4","0","4","0","4","0","4","""-581219282""","83.17818181818181","83.17818181818181","83.17818181818181","0","83.17818181818181"
"1","418","500","0","80","0","10","0","4","0","4","0","4","0","4","""-1140085045""","83.86909090909091","83.86909090909091","83.86909090909091","0","83.86909090909091"
"1","419","500","0","80","0","10","0","4","0","4","0","4","0","4","""1698939782""","86.24642857142857","86.24642857142857","86.24642857142857","0","86.24642857142857"
"1","420","500","0","80","0","10","0","4","0","4","0","4","0","4","""186350730""","85.33454545454545","85.33454545454545","85.33454545454545","0","85.33454545454545"
"1","421","500","0","60","0","20","0","3","0","4","0","1","0","4","""474440285""","11.329629629629629","11.329629629629629","11.329629629629629","0","11.329629629629629"
"1","422","500","0","60","0","20","0","3","0","4","0","1","0","4","""-1665181506""","12.335689045936396","12.335689045936396","12.335689045936396","0","12.335689045936396"
"1","423","500","0","60","0","20","0","3","0","4","0","1","0","4","""-1804298725""","13.237226277372264","13.237226277372264","13.237226277372264","0","13.237226277372264"
"1","424","500","0","60","0","20","0","3","0","4","0","1","0","4","""679594186""","13.501779359430605","13.501779359430605","13.501779359430605","0","13.501779359430605"
"1","425","500","0","60","0","20","0","3","0","4","0","1","0","4","""-1216888112""","13.154676258992806","13.154676258992806","13.154676258992806","0","13.154676258992806"
"1","426","500","0","60","0","20","0","3","0","4","0","1","0","4","""1511718520""","13.22887323943662","13.22887323943662","13.22887323943662","0","13.22887323943662"
"1","427","500","0","60","0","20","0","3","0","4","0","1","0","4","""-1038774467""","11.63768115942029","11.63768115942029","11.63768115942029","0","11.63768115942029"
"1","428","500","0","60","0","20","0","3","0","4","0","1","0","4","""-684747689""","12.275985663082437","12.275985663082437","12.275985663082437","0","12.275985663082437"
"1","429","500","0","60","0","20","0","3","0","4","0","1","0","4","""-1639241328""","11.473880597014926","11.473880597014926","11.473880597014926","0","11.473880597014926"
"1","430","500","0","60","0","20","0","3","0","4","0","1","0","4","""-1145133540""","13.93840579710145","13.93840579710145","13.93840579710145","0","13.93840579710145"
"1","431","500","0","40","0","50","0","5","0","3","0","1","0","3","""-809213142""","4.868131868131868","4.868131868131868","4.868131868131868","0","4.868131868131868"
"1","432","500","0","40","0","50","0","5","0","3","0","1","0","3","""-52605448""","4.00354609929078","4.00354609929078","4.00354609929078","0","4.00354609929078"
"1","433","500","0","40","0","50","0","5","0","3","0","1","0","3","""-304510046""","4.975609756097561","4.975609756097561","4.975609756097561","0","4.975609756097561"
"1","434","500","0","40","0","50","0","5","0","3","0","1","0","3","""490525242""","4.624561403508772","4.624561403508772","4.624561403508772","0","4.624561403508772"
"1","435","500","0","40","0","50","0","5","0","3","0","1","0","3","""-1240597326""","4.028169014084507","4.028169014084507","4.028169014084507","0","4.028169014084507"
"1","436","500","0","40","0","50","0","5","0","3","0","1","0","3","""776169812""","4.624087591240876","4.624087591240876","4.624087591240876","0","4.624087591240876"
"1","437","500","0","40","0","50","0","5","0","3","0","1","0","3","""-458526673""","4.512727272727273","4.512727272727273","4.512727272727273","0","4.512727272727273"
"1","438","500","0","40","0","50","0","5","0","3","0","1","0","3","""428860899""","4.236749116607774","4.236749116607774","4.236749116607774","0","4.236749116607774"
"1","439","500","0","40","0","50","0","5","0","3","0","1","0","3","""-1814476125""","4.6286764705882355","4.6286764705882355","4.6286764705882355","0","4.6286764705882355"
"1","440","500","0","40","0","50","0","5","0","3","0","1","0","3","""-1036293808""","4.514705882352941","4.514705882352941","4.514705882352941","0","4.514705882352941"
"1","441","500","0","20","0","20","0","2","0","3","0","4","0","1","""811339043""","76.54838709677419","76.54838709677419","76.54838709677419","0","76.54838709677419"
"1","442","500","0","20","0","20","0","2","0","3","0","4","0","1","""1194231788""","75.60215053763442","75.60215053763442","75.60215053763442","0","75.60215053763442"
"1","443","500","0","20","0","20","0","2","0","3","0","4","0","1","""-715656527""","75.44565217391305","75.44565217391305","75.44565217391305","0","75.44565217391305"
"1","444","500","0","20","0","20","0","2","0","3","0","4","0","1","""-1934488618""","76.57142857142857","76.57142857142857","76.57142857142857","0","76.57142857142857"
"1","445","500","0","20","0","20","0","2","0","3","0","4","0","1","""-1203228400""","75.95759717314488","75.95759717314488","75.95759717314488","0","75.95759717314488"
"1","446","500","0","20","0","20","0","2","0","3","0","4","0","1","""-2043076521""","76.32167832167832","76.32167832167832","76.32167832167832","0","76.32167832167832"
"1","447","500","0","20","0","20","0","2","0","3","0","4","0","1","""-682863485""","75.88808664259928","75.88808664259928","75.88808664259928","0","75.88808664259928"
"1","448","500","0","20","0","20","0","2","0","3","0","4","0","1","""1661776818""","75.27472527472527","75.27472527472527","75.27472527472527","0","75.27472527472527"
"1","449","500","0","20","0","20","0","2","0","3","0","4","0","1","""881804819""","76.28880866425993","76.28880866425993","76.28880866425993","0","76.28880866425993"
"1","450","500","0","20","0","20","0","2","0","3","0","4","0","1","""1989525431""","75.3851590106007","75.3851590106007","75.3851590106007","0","75.3851590106007"
"1","451","500","0","20","0","10","0","1","0","1","0","4","0","5","""-626442297""","21.607913669064747","21.607913669064747","21.607913669064747","0","21.607913669064747"
"1","452","500","0","20","0","10","0","1","0","1","0","4","0","5","""834351129""","19.648745519713263","19.648745519713263","19.648745519713263","0","19.648745519713263"
"1","453","500","0","20","0","10","0","1","0","1","0","4","0","5","""1386193167""","20.7992700729927","20.7992700729927","20.7992700729927","0","20.7992700729927"
"1","454","500","0","20","0","10","0","1","0","1","0","4","0","5","""859969072""","20.608695652173914","20.608695652173914","20.608695652173914","0","20.608695652173914"
"1","455","500","0","20","0","10","0","1","0","1","0","4","0","5","""1712313522""","21.498220640569397","21.498220640569397","21.498220640569397","0","21.498220640569397"
"1","456","500","0","20","0","10","0","1","0","1","0","4","0","5","""-1147229627""","18.86080586080586","18.86080586080586","18.86080586080586","0","18.86080586080586"
"1","457","500","0","20","0","10","0","1","0","1","0","4","0","5","""-986172035""","21.263940520446095","21.263940520446095","21.263940520446095","0","21.263940520446095"
"1","458","500","0","20","0","10","0","1","0","1","0","4","0","5","""641665785""","19.54074074074074","19.54074074074074","19.54074074074074","0","19.54074074074074"
"1","459","500","0","20","0","10","0","1","0","1","0","4","0","5","""-639985572""","20.05243445692884","20.05243445692884","20.05243445692884","0","20.05243445692884"
"1","460","500","0","20","0","10","0","1","0","1","0","4","0","5","""1286777535""","19.72563176895307","19.72563176895307","19.72563176895307","0","19.72563176895307"
"1","461","500","0","20","0","20","0","3","0","2","0","1","0","3","""943913394""","2.7014388489208634","2.7014388489208634","2.7014388489208634","0","2.7014388489208634"
"1","462","500","0","20","0","20","0","3","0","2","0","1","0","3","""1192637381""","2.8741007194244603","2.8741007194244603","2.8741007194244603","0","2.8741007194244603"
"1","463","500","0","20","0","20","0","3","0","2","0","1","0","3","""-853515367""","2.357400722021661","2.357400722021661","2.357400722021661","0","2.357400722021661"
"1","464","500","0","20","0","20","0","3","0","2","0","1","0","3","""-234775365""","2.293286219081272","2.293286219081272","2.293286219081272","0","2.293286219081272"
"1","465","500","0","20","0","20","0","3","0","2","0","1","0","3","""-1030673189""","2.6210526315789475","2.6210526315789475","2.6210526315789475","0","2.6210526315789475"
"1","466","500","0","20","0","20","0","3","0","2","0","1","0","3","""1000969196""","2.325088339222615","2.325088339222615","2.325088339222615","0","2.325088339222615"
"1","467","500","0","20","0","20","0","3","0","2","0","1","0","3","""-515950116""","2.660649819494585","2.660649819494585","2.660649819494585","0","2.660649819494585"
"1","468","500","0","20","0","20","0","3","0","2","0","1","0","3","""1612237572""","2.36996336996337","2.36996336996337","2.36996336996337","0","2.36996336996337"
"1","469","500","0","20","0","20","0","3","0","2","0","1","0","3","""1593500449""","2.619217081850534","2.619217081850534","2.619217081850534","0","2.619217081850534"
"1","470","500","0","20","0","20","0","3","0","2","0","1","0","3","""-2095024431""","2.6462093862815883","2.6462093862815883","2.6462093862815883","0","2.6462093862815883"
"1","471","500","0","60","0","10","0","3","0","3","0","3","0","5","""-397113055""","23.06159420289855","23.06159420289855","23.06159420289855","0","23.06159420289855"
"1","472","500","0","60","0","10","0","3","0","3","0","3","0","5","""537092847""","24.21167883211679","24.21167883211679","24.21167883211679","0","24.21167883211679"
"1","473","500","0","60","0","10","0","3","0","3","0","3","0","5","""-2088491234""","22.975265017667844","22.975265017667844","22.975265017667844","0","22.975265017667844"
"1","474","500","0","60","0","10","0","3","0","3","0","3","0","5","""-1091608744""","24.375451263537904","24.375451263537904","24.375451263537904","0","24.375451263537904"
"1","475","500","0","60","0","10","0","3","0","3","0","3","0","5","""-1084592799""","24.052044609665426","24.052044609665426","24.052044609665426","0","24.052044609665426"
"1","476","500","0","60","0","10","0","3","0","3","0","3","0","5","""-1261731682""","23.28158844765343","23.28158844765343","23.28158844765343","0","23.28158844765343"
"1","477","500","0","60","0","10","0","3","0","3","0","3","0","5","""201615038""","22.42391304347826","22.42391304347826","22.42391304347826","0","22.42391304347826"
"1","478","500","0","60","0","10","0","3","0","3","0","3","0","5","""-1733485291""","21.71731448763251","21.71731448763251","21.71731448763251","0","21.71731448763251"
"1","479","500","0","60","0","10","0","3","0","3","0","3","0","5","""1219226172""","23.904255319148938","23.904255319148938","23.904255319148938","0","23.904255319148938"
"1","480","500","0","60","0","10","0","3","0","3","0","3","0","5","""-1876203319""","25.065934065934066","25.065934065934066","25.065934065934066","0","25.065934065934066"
"1","481","500","0","80","0","30","0","3","0","2","0","4","0","4","""-322276309""","80.08070175438597","80.08070175438597","80.08070175438597","0","80.08070175438597"
"1","482","500","0","80","0","30","0","3","0","2","0","4","0","4","""180148677""","32.41901408450704","32.41901408450704","32.41901408450704","0","32.41901408450704"
"1","483","500","0","80","0","30","0","3","0","2","0","4","0","4","""-44032776""","78.97818181818182","78.97818181818182","78.97818181818182","0","78.97818181818182"
"1","484","500","0","80","0","30","0","3","0","2","0","4","0","4","""818475576""","34.344202898550726","34.344202898550726","34.344202898550726","0","34.344202898550726"
"1","485","500","0","80","0","30","0","3","0","2","0","4","0","4","""2046038913""","49.61785714285714","49.61785714285714","49.61785714285714","0","49.61785714285714"
"1","486","500","0","80","0","30","0","3","0","2","0","4","0","4","""-351782816""","80.87943262411348","80.87943262411348","80.87943262411348","0","80.87943262411348"
"1","487","500","0","80","0","30","0","3","0","2","0","4","0","4","""-2100341477""","80.6418439716312","80.6418439716312","80.6418439716312","0","80.6418439716312"
"1","488","500","0","80","0","30","0","3","0","2","0","4","0","4","""-712828262""","81.56410256410257","81.56410256410257","81.56410256410257","0","81.56410256410257"
"1","489","500","0","80","0","30","0","3","0","2","0","4","0","4","""1874221033""","32.5886524822695","32.5886524822695","32.5886524822695","0","32.5886524822695"
"1","490","500","0","80","0","30","0","3","0","2","0","4","0","4","""-1419813044""","33.208480565371026","33.208480565371026","33.208480565371026","0","33.208480565371026"
"1","491","500","0","60","0","20","0","2","0","5","0","5","0","3","""-1522334842""","85.33935018050542","85.33935018050542","85.33935018050542","0","85.33935018050542"
"1","492","500","0","60","0","20","0","2","0","5","0","5","0","3","""1762940657""","85.62897526501767","85.62897526501767","85.62897526501767","0","85.62897526501767"
"1","493","500","0","60","0","20","0","2","0","5","0","5","0","3","""679073879""","85.4820143884892","85.4820143884892","85.4820143884892","0","85.4820143884892"
"1","494","500","0","60","0","20","0","2","0","5","0","5","0","3","""1334207993""","84.90151515151516","84.90151515151516","84.90151515151516","0","84.90151515151516"
"1","495","500","0","60","0","20","0","2","0","5","0","5","0","3","""-73416030""","84.51428571428572","84.51428571428572","84.51428571428572","0","84.51428571428572"
"1","496","500","0","60","0","20","0","2","0","5","0","5","0","3","""348643380""","84.02857142857142","84.02857142857142","84.02857142857142","0","84.02857142857142"
"1","497","500","0","60","0","20","0","2","0","5","0","5","0","3","""-1173578664""","85.06093189964157","85.06093189964157","85.06093189964157","0","85.06093189964157"
"1","498","500","0","60","0","20","0","2","0","5","0","5","0","3","""805068511""","85.23247232472325","85.23247232472325","85.23247232472325","0","85.23247232472325"
"1","499","500","0","60","0","20","0","2","0","5","0","5","0","3","""1617503248""","87.0179856115108","87.0179856115108","87.0179856115108","0","87.0179856115108"
"1","500","500","0","60","0","20","0","2","0","5","0","5","0","3","""-457011718""","84.2158273381295","84.2158273381295","84.2158273381295","0","84.2158273381295"
